,predict_cause
case1_0821_1741394221,"[[(('bitrate', 2000), ('p2p', 1))], [(('bitrate', 2000),)], [(('bitrate', 2000), ('cdn', 1))], [(('p2p', 1),)], [(('bitrate', 2000), ('cdn', 1), ('p2p', 1))]]"
case2_0824_392202648,"[[(('bitrate', 1200), ('p2p', 1))], [(('bitrate', 1200),)], [(('p2p', 1),)], [(('bitrate', 1200), ('device', 'C1'), ('p2p', 1))], [(('bitrate', 1200), ('cdn', 8), ('p2p', 1))]]"
case3_0824_2231886096,"[[(('bitrate', 2000), ('p2p', 1))], [(('p2p', 1),)], [(('bitrate', 2000),)], [(('bitrate', 2000), ('cdn', 3), ('p2p', 1))], [(('cdn', 3), ('p2p', 1))]]"
case4_0824_2185256980,"[[(('bitrate', 500), ('p2p', 1))], [(('bitrate', 500),)], [(('p2p', 1),)], [(('bitrate', 500), ('device', 'C1'), ('p2p', 1))], [(('bitrate', 500), ('cdn', 8), ('p2p', 1))]]"
case5_0824_1500728851,"[[(('bitrate', 2000),)], [(('bitrate', 2000), ('cdn', 3))], [(('bitrate', 2000), ('device', 'C1'))], [(('bitrate', 2000), ('p2p', 1))], [(('bitrate', 2000), ('cdn', 3), ('p2p', 1))]]"
case6_0923_100523075,"[[(('bitrate', 2000),)], [(('bitrate', 2000), ('p2p', 1))], [(('bitrate', 2000), ('device', 'C1'))], [(('bitrate', 2000), ('device', 'C1'), ('p2p', 1))], [(('p2p', 1),)]]"
case7_0923_1394575536,"[[(('bitrate', 2000), ('p2p', 1))], [(('bitrate', 2000),)], [(('bitrate', 2000), ('cdn', 3), ('p2p', 1))], [(('p2p', 1),)], [(('bitrate', 2000), ('cdn', 3))]]"
case8_0911_global,"[[(('bitrate', 2000),)], [(('bitrate', 2000), ('cdn', 3))], [(('cdn', 3),)], [(('bitrate', 2000), ('device', 'C1'))], [(('bitrate', 2000), ('p2p', 1))]]"
case9_0926_1199512718563,"[[(('bitrate', 2000),)], [(('bitrate', 10000),), (('bitrate', 2000),)], [(('bitrate', 2000), ('cdn', 7)), (('bitrate', 10000), ('cdn', 7))], [(('bitrate', 2000), ('p2p', 0)), (('bitrate', 10000), ('p2p', 1))], [(('bitrate', 2000), ('p2p', 1)), (('bitrate', 10000), ('p2p', 1))]]"
case10_0926_1199512718563,"[[(('bitrate', 2000),)], [(('bitrate', 2000), ('p2p', 1))], [(('bitrate', 4000),), (('bitrate', 2000),)], [(('bitrate', 2000), ('cdn', 7))], [(('bitrate', 2000), ('p2p', 1)), (('bitrate', 10000), ('p2p', 1))]]"
case11_0916_1677942333,"[[(('bitrate', 500), ('device', 'C1'), ('p2p', 1))], [(('bitrate', 500), ('device', 'C1'))], [(('device', 'C1'), ('p2p', 1))], [(('bitrate', 500), ('p2p', 1))], [(('device', 'C1'),)]]"
case13_1016_1084106781,"[[(('bitrate', 500.0), ('cdn', 5.0), ('p2p', 0.0))], [(('bitrate', 500.0), ('cdn', 5.0))], [(('bitrate', 500.0), ('p2p', 0.0))], [(('cdn', 5.0), ('p2p', 0.0))], [(('bitrate', 500.0),)]]"
case14_1006_2227875499,"[[(('bitrate', 2000.0),)], [(('bitrate', 2000.0), ('cdn', 5.0))], [(('bitrate', 2000.0), ('p2p', 1.0))], [(('cdn', 5.0),)], [(('bitrate', 2000.0), ('cdn', 5.0), ('p2p', 1.0))]]"
case15_1005_121873726,"[[(('bitrate', 500.0),)], [(('bitrate', 500.0), ('p2p', 1.0))], [(('bitrate', 500.0), ('cdn', 7.0), ('p2p', 1.0))], [(('bitrate', 500.0), ('cdn', 7.0))], [(('cdn', 7.0), ('p2p', 1.0))]]"
case16_1005_121873726,"[[(('bitrate', 500.0),)], [(('bitrate', 500.0), ('cdn', 7.0), ('p2p', 1.0))], [(('bitrate', 500.0), ('cdn', 7.0))], [(('bitrate', 500.0), ('p2p', 1.0))], [(('cdn', 7.0), ('p2p', 1.0))]]"
case17_1005_121873726,"[[(('bitrate', 500.0), ('cdn', 5.0)), (('bitrate', 500.0), ('cdn', 7.0))], [(('bitrate', 500.0),)], [(('bitrate', 500.0), ('cdn', 7.0))], [(('bitrate', 500.0), ('p2p', 1.0))], [(('bitrate', 500.0), ('cdn', 7.0), ('p2p', 1.0))]]"
case18_1005_121873726,"[[(('bitrate', 4000.0), ('cdn', 7.0)), (('bitrate', 500.0), ('cdn', 5.0))], [(('bitrate', 4000.0), ('p2p', 0.0)), (('bitrate', 500.0), ('p2p', 1.0))], [(('bitrate', 500.0),)], [(('cdn', 7.0),), (('cdn', 5.0),)], [(('bitrate', 500.0), ('cdn', 5.0), ('p2p', 0.0)), (('bitrate', 4000.0), ('cdn', 7.0), ('p2p', 0.0))]]"
case19_1005_121873726,"[[(('bitrate', 500.0),)], [(('bitrate', 500.0), ('cdn', 7.0))], [(('bitrate', 500.0), ('p2p', 1.0))], [(('bitrate', 500.0), ('cdn', 7.0), ('p2p', 1.0))], [(('cdn', 7.0),)]]"
case20_0921_2227875499,"[[(('bitrate', 2000.0),), (('bitrate', 1200.0),)], [(('cdn', 5.0), ('p2p', 0.0))], [(('bitrate', 2000.0),)], [(('cdn', 5.0),)], [(('bitrate', 2000.0), ('cdn', 5.0), ('p2p', 0.0))]]"
case21_0921_2227875499,"[[(('cdn', 3.0),)], [(('bitrate', 2000.0), ('cdn', 3.0))], [(('cdn', 3.0),), (('cdn', 5.0),)], [(('bitrate', 2000.0),)], [(('bitrate', 2000.0), ('cdn', 3.0), ('p2p', 0.0))]]"
case22_0919_1272997391,"[[(('bitrate', 2000.0), ('cdn', 5.0)), (('bitrate', 2000.0), ('cdn', 3.0))], [(('bitrate', 2000.0),)], [(('bitrate', 2000.0),), (('bitrate', 8000.0),)], [(('bitrate', 2000.0), ('p2p', 0.0)), (('bitrate', 8000.0), ('p2p', 1.0))], [(('bitrate', 2000.0), ('p2p', 1.0)), (('bitrate', 8000.0), ('p2p', 1.0))]]"
case23_0918_2227875499,"[[(('bitrate', 1200.0), ('cdn', 5.0)), (('bitrate', 1200.0), ('cdn', 3.0))], [(('bitrate', 1200.0),)], [(('bitrate', 1200.0), ('cdn', 3.0))], [(('bitrate', 1200.0), ('p2p', 1.0))], [(('cdn', 3.0),)]]"
case25_1022_2227875499,"[[(('bitrate', 2000.0), ('cdn', 5.0)), (('bitrate', 2000.0), ('cdn', 3.0))], [(('bitrate', 2000.0),)], [(('bitrate', 2000.0), ('cdn', 5.0))], [(('bitrate', 2000.0), ('p2p', 1.0))], [(('bitrate', 2000.0), ('cdn', 5.0), ('p2p', 1.0))]]"
case26_1116_2227875499,"[[(('bitrate', 4000.0),)], [(('bitrate', 4000.0), ('p2p', 1.0))], [(('bitrate', 4000.0), ('cdn', 8.0))], [(('p2p', 1.0),)], [(('bitrate', 4000.0), ('cdn', 8.0), ('p2p', 1.0))]]"
case27_1116_1691592144,"[[(('bitrate', 4000.0),)], [(('bitrate', 4000.0), ('p2p', 1.0))], [(('p2p', 1.0),)], [(('bitrate', 4000.0), ('cdn', 3.0), ('p2p', 1.0))], [(('bitrate', 4000.0), ('cdn', 3.0))]]"
case28_1116_1691592144,"[[(('cdn', 3.0),)], [(('cdn', 3.0), ('p2p', 1.0))], [(('bitrate', 4000.0), ('p2p', 1.0)), (('bitrate', 2000.0), ('p2p', 1.0))], [(('bitrate', 4000.0), ('p2p', 1.0))], [(('p2p', 1.0),)]]"
case29_1119_1691592144,"[[(('bitrate', 2000.0), ('cdn', 5.0), ('p2p', 0.0))], [(('bitrate', 2000.0), ('cdn', 5.0))], [(('bitrate', 2000.0), ('p2p', 0.0))], [(('cdn', 5.0), ('p2p', 0.0))], [(('bitrate', 2000.0),)]]"
case30_1119_1691592144,"[[(('cdn', 3.0), ('p2p', 1.0)), (('cdn', 5.0), ('p2p', 0.0))], [(('cdn', 5.0), ('p2p', 0.0))], [(('cdn', 5.0),)], [(('bitrate', 2000.0), ('cdn', 5.0), ('p2p', 0.0))], [(('bitrate', 500.0), ('cdn', 3.0), ('p2p', 1.0)), (('bitrate', 2000.0), ('cdn', 3.0), ('p2p', 1.0))]]"
case31_1119_1691592144,"[[(('bitrate', 2000.0), ('p2p', 0.0))], [(('cdn', 5.0), ('p2p', 0.0))], [(('p2p', 0.0),)], [(('bitrate', 2000.0),)], [(('cdn', 5.0),)]]"
case32_1124_1860982765,"[[(('bitrate', 2000.0), ('cdn', 5.0), ('p2p', 0.0))], [(('bitrate', 2000.0), ('cdn', 5.0))], [(('bitrate', 2000.0), ('p2p', 0.0))], [(('cdn', 5.0), ('p2p', 0.0))], [(('bitrate', 2000.0),)]]"
case33_1206_2227875499,"[[(('bitrate', 500.0),), (('bitrate', 4500.0),), (('bitrate', 2500.0),)], [(('bitrate', 500.0),), (('bitrate', 2500.0),)], [(('bitrate', 4500.0),), (('bitrate', 2500.0),)], [(('bitrate', 2500.0),)], [(('bitrate', 2500.0), ('p2p', 0.0))]]"
case34_1209_367138632,"[[(('bitrate', 4000.0), ('cdn', 5.0)), (('bitrate', 4000.0), ('cdn', 3.0))], [(('bitrate', 4000.0),)], [(('bitrate', 4000.0),), (('bitrate', 2000.0),)], [(('bitrate', 4000.0), ('cdn', 3.0))], [(('bitrate', 4000.0), ('p2p', 1.0))]]"
case35_1103_1430972471,"[[(('bitrate', 4000.0), ('p2p', 1.0))], [(('bitrate', 4000.0),)], [(('bitrate', 4000.0),), (('bitrate', 1200.0),)], [(('p2p', 1.0),)], [(('bitrate', 4000.0), ('cdn', 3.0), ('p2p', 1.0))]]"
case36_1114_679257140,"[[(('cdn', 5.0), ('p2p', 0.0))], [(('cdn', 5.0),)], [(('cdn', 3.0), ('p2p', 1.0)), (('cdn', 5.0), ('p2p', 0.0))], [(('p2p', 0.0),)], [(('bitrate', 2000.0), ('cdn', 5.0), ('p2p', 0.0))]]"
case37_1114_1699667589,"[[(('cdn', 5.0), ('p2p', 0.0))], [(('cdn', 5.0),)], [(('cdn', 3.0), ('p2p', 1.0)), (('cdn', 5.0), ('p2p', 0.0))], [(('p2p', 0.0),)], [(('cdn', 3.0),), (('cdn', 5.0),)]]"
case38_1114_1265329459,"[[(('cdn', 5.0), ('p2p', 0.0))], [(('p2p', 0.0),)], [(('cdn', 5.0),)], [(('bitrate', 2000.0), ('cdn', 5.0), ('p2p', 0.0))], [(('bitrate', 2000.0), ('p2p', 0.0))]]"
case39_1116_1354160941,"[[(('bitrate', 2000.0), ('cdn', 5.0), ('p2p', 0.0))], [(('bitrate', 2000.0), ('cdn', 5.0))], [(('bitrate', 2000.0), ('p2p', 0.0))], [(('cdn', 5.0), ('p2p', 0.0))], [(('bitrate', 2000.0),)]]"
case40_1116_2399994722,"[[(('bitrate', 2000.0), ('cdn', 5.0), ('p2p', 0.0))], [(('bitrate', 2000.0), ('p2p', 0.0))], [(('bitrate', 2000.0), ('cdn', 5.0))], [(('bitrate', 2000.0),)], [(('cdn', 5.0), ('p2p', 0.0))]]"
case41_1128_1394565189,"[[(('p2p', 0.0),)], [(('cdn', 5.0), ('p2p', 0.0))], [(('cdn', 5.0),)], [(('cdn', 3.0), ('p2p', 1.0)), (('cdn', 5.0), ('p2p', 0.0))], [(('bitrate', 2000.0), ('cdn', 5.0), ('p2p', 0.0))]]"
case42_1128_99615733,"[[(('bitrate', 500.0),)], [(('bitrate', 500.0), ('p2p', 1.0))], [(('bitrate', 500.0), ('cdn', 5.0))], [(('bitrate', 1200.0), ('p2p', 1.0)), (('bitrate', 500.0), ('p2p', 1.0))], [(('bitrate', 1200.0), ('p2p', 1.0)), (('bitrate', 500.0), ('p2p', 0.0))]]"
case43_1130_1524418059,"[[(('p2p', 0.0),)], [(('bitrate', 0.0),), (('bitrate', 1200.0),)], [(('bitrate', 0.0), ('p2p', 0.0)), (('bitrate', 1200.0), ('p2p', 1.0))], [(('bitrate', 0.0), ('p2p', 0.0))], [(('bitrate', 0.0),)]]"
case44_1203_1394565189,"[[(('cdn', 3.0), ('p2p', 1.0)), (('cdn', 5.0), ('p2p', 0.0))], [(('cdn', 5.0), ('p2p', 0.0))], [(('cdn', 3.0),), (('cdn', 5.0),)], [(('cdn', 5.0),)], [(('bitrate', 2000.0),), (('bitrate', 500.0),)]]"
case45_1204_1394565191,"[[(('bitrate', 1200.0), ('p2p', 0.0))], [(('p2p', 0.0),)], [(('bitrate', 1200.0), ('p2p', 0.0)), (('bitrate', 2000.0), ('p2p', 1.0))], [(('bitrate', 1200.0),)], [(('bitrate', 1200.0), ('cdn', 5.0), ('p2p', 0.0))]]"
case46_1204_2227875499,"[[(('bitrate', 4000.0),)], [(('bitrate', 4000.0), ('p2p', 1.0))], [(('bitrate', 4000.0), ('cdn', 8.0))], [(('bitrate', 4000.0), ('cdn', 8.0), ('p2p', 1.0))], [(('p2p', 1.0),)]]"
case47_1205_1423787837,"[[(('p2p', 1.0),)], [(('bitrate', 1200.0), ('p2p', 1.0))], [(('cdn', 3.0), ('p2p', 1.0))], [(('bitrate', 2000.0), ('p2p', 0.0)), (('bitrate', 1200.0), ('p2p', 1.0))], [(('bitrate', 1200.0),)]]"
case48_1205_2294432,"[[(('bitrate', 2000.0),), (('bitrate', 0.0),), (('bitrate', 500.0),)], [(('bitrate', 2000.0),), (('bitrate', 500.0),)], [(('bitrate', 2000.0),), (('bitrate', 0.0),)], [(('bitrate', 0.0),), (('bitrate', 500.0),)], [(('bitrate', 2000.0),)]]"
case49_1205_1849387251,"[[(('p2p', 1.0),)], [(('bitrate', 2000.0), ('p2p', 0.0)), (('bitrate', 4000.0), ('p2p', 1.0))], [(('bitrate', 4000.0),)], [(('bitrate', 4000.0), ('p2p', 1.0))], [(('cdn', 6.0), ('p2p', 1.0))]]"
case50_0215_367138632,"[[(('bitrate', 4500),)], [(('bitrate', 4500), ('cdn', 3))], [(('bitrate', 4500), ('p2p', 1))], [(('bitrate', 4500), ('device', 'C1'))], [(('device', 'C1'),)]]"
case51_0215_367138632,"[[(('bitrate', 4500),)], [(('bitrate', 4500), ('cdn', 3))], [(('bitrate', 4500), ('p2p', 1))], [(('bitrate', 4500), ('device', 'C1'))], [(('bitrate', 500), ('p2p', 1)), (('bitrate', 4500), ('p2p', 1))]]"
case52_0215_367138632,"[[(('bitrate', 2500), ('cdn', 3)), (('bitrate', 2500), ('cdn', 5))], [(('bitrate', 2500),)], [(('bitrate', 2500), ('cdn', 3))], [(('bitrate', 2500), ('p2p', 1))], [(('bitrate', 2500), ('device', 'C1'))]]"
case53_0215_367138632,"[[(('bitrate', 4500),)], [(('bitrate', 4500), ('p2p', 1))], [(('bitrate', 2500), ('p2p', 1)), (('bitrate', 4500), ('p2p', 1))], [(('bitrate', 2500),), (('bitrate', 4500),)], [(('bitrate', 4500), ('cdn', 3), ('p2p', 1))]]"
case55_0215_1861606916,"[[(('cdn', 7), ('p2p', 0), ('platform', 'pc_exe_template'))], [(('cdn', 7), ('gameid', 3203), ('p2p', 0))], [(('cdn', 7), ('p2p', 0))], [(('p2p', 0),)], [(('gameid', 3203), ('p2p', 0))]]"
case56_0216_367138632,"[[(('bitrate', 500),), (('bitrate', 2500),)], [(('bitrate', 2500),)], [(('bitrate', 2500), ('p2p', 1))], [(('cdn', 3), ('p2p', 1))], [(('bitrate', 2500), ('cdn', 3), ('p2p', 1))]]"
case57_0217_1861508076,"[[(('bitrate', 4500),)], [(('bitrate', 4500), ('cdn', 8))], [(('bitrate', 4500), ('device', 'C1'))], [(('bitrate', 4500), ('p2p', 1))], [(('cdn', 8),)]]"
case58_0218_1272997391,"[[(('bitrate', 2500), ('cdn', 5), ('isp', '联通'))], [(('bitrate', 2500), ('isp', '联通'))], [(('bitrate', 2500), ('cdn', 5))], [(('cdn', 5), ('isp', '联通'))], [(('p2p', 0),)]]"
case59_0225_2272316519,"[[(('bitrate', 500),)], [(('bitrate', 2500),), (('bitrate', 500),)], [(('bitrate', 500), ('cdn', 5))], [(('bitrate', 500), ('device', 'C1'))], [(('bitrate', 500), ('p2p', 1))]]"
case60_0302_1050502887,"[[(('bitrate', 2500), ('p2p', 0)), (('bitrate', 500), ('p2p', 0))], [(('bitrate', 4000), ('p2p', 0)), (('bitrate', 2500), ('p2p', 0)), (('bitrate', 500), ('p2p', 0))], [(('bitrate', 500), ('cdn', 3))], [(('bitrate', 500), ('cdn', 3), ('p2p', 0))], [(('bitrate', 4000), ('cdn', 5)), (('bitrate', 500), ('cdn', 3))]]"
case63_0308_170903641,"[[(('bitrate', 2500),)], [(('bitrate', 2500), ('p2p', 1))], [(('bitrate', 2500), ('cdn', 5))], [(('bitrate', 2500), ('device', 'C1'))], [(('bitrate', 2500), ('cdn', 5), ('p2p', 1))]]"
case64_0317_1116857,"[[(('bitrate', 0), ('p2p', 0))], [(('bitrate', 0),)], [(('p2p', 0),)], [(('bitrate', 0), ('device', 'C1'))], [(('bitrate', 0), ('device', 'C1'), ('p2p', 0))]]"
case65_0316_2185256980,"[[(('p2p', 1),)], [(('device', 'C5'), ('p2p', 1)), (('device', 'C1'), ('p2p', 1))], [(('device', 'C1'), ('p2p', 1))], [(('device', 'C1'),), (('device', 'C3'),)], [(('device', 'C1'),)]]"
case66_0318_1423787827,"[[(('bitrate', 4000), ('p2p', 1))], [(('bitrate', 4000),)], [(('p2p', 1),)], [(('bitrate', 4000), ('device', 'C1'), ('p2p', 1))], [(('bitrate', 4000), ('device', 'C1'))]]"
case69_0320_2276840736,"[[(('bitrate', 500), ('cdn', 5), ('p2p', 0)), (('bitrate', 2500), ('cdn', 5), ('p2p', 0))], [(('cdn', 5), ('p2p', 0))], [(('cdn', 5),)], [(('cdn', 3), ('p2p', 1)), (('cdn', 5), ('p2p', 0))], [(('device', 'C1'),), (('device', 'C3'),)]]"
case70_0324_1199512718563,"[[(('bitrate', 2500),)], [(('bitrate', 2500), ('cdn', 5))], [(('bitrate', 2500), ('p2p', 1))], [(('bitrate', 2500), ('device', 'C1'))], [(('bitrate', 2500), ('cdn', 5), ('p2p', 1))]]"
case71_0324_1714649353,"[[(('bitrate', 4500),)], [(('bitrate', 4500), ('p2p', 1))], [(('bitrate', 4500), ('cdn', 8))], [(('bitrate', 2500),), (('bitrate', 4500),)], [(('bitrate', 2500), ('p2p', 0)), (('bitrate', 4500), ('p2p', 1))]]"
case72_0324_1714649353,"[[(('bitrate', 4500),), (('bitrate', 2500),)], [(('bitrate', 2500),)], [(('bitrate', 8000),), (('bitrate', 4500),), (('bitrate', 2500),)], [(('device', 'C1'),), (('device', 'C3'),)], [(('bitrate', 2500), ('p2p', 1))]]"
case73_0324_1714649353,"[[(('bitrate', 2500),)], [(('bitrate', 2500), ('p2p', 1))], [(('bitrate', 2500), ('cdn', 8))], [(('bitrate', 2500), ('device', 'C1'))], [(('bitrate', 2500), ('cdn', 8), ('p2p', 1))]]"
case74_0324_1714649353,"[[(('bitrate', 2500),)], [(('bitrate', 2500), ('p2p', 1))], [(('bitrate', 2500), ('cdn', 8))], [(('bitrate', 2500), ('device', 'C1'))], [(('bitrate', 2500), ('cdn', 8), ('p2p', 1))]]"
case75_0324_1714649353,"[[(('bitrate', 2500),)], [(('bitrate', 2500), ('p2p', 1))], [(('bitrate', 2500), ('cdn', 8))], [(('bitrate', 2500), ('device', 'C1'))], [(('bitrate', 2500), ('device', 'C1'), ('p2p', 1))]]"
case76_0324_1714649353,"[[(('bitrate', 2500),)], [(('bitrate', 2500), ('p2p', 1))], [(('bitrate', 2500), ('cdn', 8)), (('bitrate', 500), ('cdn', 5))], [(('bitrate', 2500), ('cdn', 8))], [(('bitrate', 2500), ('p2p', 0)), (('bitrate', 500), ('p2p', 1))]]"
case77_0324_1714649353,"[[(('bitrate', 2500),)], [(('bitrate', 2500), ('cdn', 8))], [(('bitrate', 2500), ('p2p', 1))], [(('bitrate', 2500), ('device', 'C1'))], [(('bitrate', 2500), ('cdn', 8), ('p2p', 1))]]"
case78_0324_1714649353,"[[(('bitrate', 4500),)], [(('bitrate', 2500),), (('bitrate', 4500),)], [(('bitrate', 4500), ('cdn', 8))], [(('bitrate', 4500), ('p2p', 1))], [(('bitrate', 4500), ('cdn', 8)), (('bitrate', 2500), ('cdn', 8))]]"
case79_0420_1108152524,"[[(('bitrate', 4500),)], [(('bitrate', 4500), ('device', 'C1')), (('bitrate', 4500), ('device', 'C2'))], [(('bitrate', 4500), ('device', 'C1'))], [(('bitrate', 4500), ('p2p', 1))], [(('bitrate', 4500), ('device', 'C1'), ('p2p', 1))]]"
case80_0420_1423787852,"[[(('bitrate', 500),)], [(('bitrate', 500), ('cdn', 3))], [(('bitrate', 500), ('p2p', 1))], [(('bitrate', 500), ('device', 'C1'))], [(('bitrate', 500), ('cdn', 3), ('p2p', 1))]]"
case81_0420_1524418081,"[[(('bitrate', 500), ('device', 'C1')), (('bitrate', 500), ('device', 'C3'))], [(('bitrate', 500),)], [(('bitrate', 500), ('device', 'C1'))], [(('bitrate', 500), ('p2p', 1))], [(('device', 'C1'),)]]"
case82_0420_1524418081,"[[(('bitrate', 500), ('device', 'C1')), (('bitrate', 500), ('device', 'C3'))], [(('bitrate', 500), ('p2p', 1))], [(('bitrate', 500),)], [(('bitrate', 500), ('device', 'C1'))], [(('device', 'C1'),)]]"
case83_0420_1524418081,"[[(('bitrate', 500), ('device', 'C1'))], [(('bitrate', 500), ('device', 'C1'), ('p2p', 1))], [(('bitrate', 500), ('p2p', 1))], [(('bitrate', 500),)], [(('device', 'C1'), ('p2p', 1))]]"
case84_0420_1524418081,"[[(('bitrate', 500), ('p2p', 1))], [(('bitrate', 500),)], [(('bitrate', 500), ('device', 'C1'), ('p2p', 1))], [(('bitrate', 500), ('device', 'C1'))], [(('p2p', 1),)]]"
case85_0420_1423787852,"[[(('bitrate', 500), ('device', 'C1'))], [(('device', 'C1'),)], [(('bitrate', 500), ('device', 'C1'), ('p2p', 1))], [(('device', 'C1'),), (('device', 'C2'),)], [(('device', 'C1'), ('p2p', 1))]]"
case86_0420_1423787852,"[[(('bitrate', 500), ('device', 'C1'))], [(('bitrate', 3000), ('device', 'C3')), (('bitrate', 500), ('device', 'C1'))], [(('device', 'C1'),)], [(('bitrate', 500), ('device', 'C1'), ('p2p', 1))], [(('bitrate', 500),)]]"
case87_0420_170903641,"[[(('bitrate', 4500),), (('bitrate', 2500),)], [(('bitrate', 2500),)], [(('bitrate', 2500), ('cdn', 5))], [(('bitrate', 2500), ('p2p', 1))], [(('device', 'C1'),)]]"
case88_0420_170903641,"[[(('bitrate', 2500),)], [(('bitrate', 2500), ('p2p', 1))], [(('bitrate', 2500), ('cdn', 5))], [(('bitrate', 2500), ('cdn', 5), ('p2p', 1))], [(('bitrate', 2500), ('device', 'C1'))]]"
case89_0420_170903641,"[[(('bitrate', 2500),)], [(('bitrate', 2500), ('p2p', 1))], [(('bitrate', 2500), ('cdn', 5))], [(('bitrate', 4500),), (('bitrate', 2500),)], [(('bitrate', 2500), ('device', 'C1'))]]"
case90_0420_170903641,"[[(('bitrate', 2500),)], [(('bitrate', 2500), ('cdn', 5))], [(('bitrate', 2500), ('p2p', 1))], [(('bitrate', 2500), ('cdn', 5), ('p2p', 1))], [(('bitrate', 500),), (('bitrate', 2500),)]]"
case91_0420_170903641,"[[(('bitrate', 4500),)], [(('bitrate', 4500), ('cdn', 5))], [(('bitrate', 2500), ('p2p', 1)), (('bitrate', 4500), ('p2p', 1))], [(('bitrate', 500),), (('bitrate', 4500),)], [(('bitrate', 4500), ('p2p', 1))]]"
case92_0420_170903641,"[[(('bitrate', 2500),)], [(('bitrate', 2500), ('p2p', 1))], [(('bitrate', 2500), ('cdn', 5))], [(('bitrate', 2500), ('device', 'C1'))], [(('bitrate', 2500), ('cdn', 5), ('p2p', 1))]]"
case93_0420_170903641,"[[(('bitrate', 2500),)], [(('bitrate', 2500), ('p2p', 1))], [(('bitrate', 2500), ('cdn', 5))], [(('bitrate', 2500), ('cdn', 5), ('p2p', 1))], [(('bitrate', 2500), ('device', 'C1'))]]"
case94_0420_1356299405,"[[(('bitrate', 2500),)], [(('bitrate', 4500),), (('bitrate', 2500),)], [(('bitrate', 2500), ('device', 'C1')), (('bitrate', 4500), ('device', 'C1'))], [(('bitrate', 2500), ('p2p', 1))], [(('bitrate', 2500), ('device', 'C1'))]]"
case95_0420_1356299405,"[[(('bitrate', 2500),)], [(('bitrate', 2500), ('p2p', 1))], [(('bitrate', 4500), ('p2p', 1)), (('bitrate', 2500), ('p2p', 1))], [(('bitrate', 2500), ('device', 'C1'))], [(('bitrate', 2500), ('cdn', 7))]]"
case96_0420_2455525840,"[[(('cdn', 6), ('p2p', 0))], [(('cdn', 6),)], [(('p2p', 0),)], [(('bitrate', 4000), ('cdn', 6), ('p2p', 0))], [(('cdn', 6), ('isp', '电信'), ('p2p', 0))]]"
case97_0409_1199512718563,"[[(('bitrate', 4500),)], [(('bitrate', 4500), ('p2p', 1))], [(('bitrate', 4500), ('cdn', 5))], [(('bitrate', 4500), ('cdn', 5), ('p2p', 1))], [(('cdn', 5), ('p2p', 1))]]"
case98_0409_1199512718563,"[[(('bitrate', 4500),)], [(('bitrate', 4500), ('cdn', 5))], [(('bitrate', 4500), ('p2p', 1))], [(('bitrate', 4500), ('isp', '电信'))], [(('bitrate', 4500), ('cdn', 5), ('p2p', 1))]]"
case99_0413_1703280244,"[[(('bitrate', 2500),)], [(('bitrate', 2500), ('p2p', 1))], [(('bitrate', 4500),), (('bitrate', 2500),)], [(('bitrate', 2500), ('cdn', 3))], [(('bitrate', 2500), ('device', 'C1'))]]"
case100_0320_2276840736,"[[(('device', 'C1'),), (('device', 'C3'),)], [(('device', 'C1'),)], [(('cdn', 5), ('device', 'C1')), (('cdn', 5), ('device', 'C3'))], [(('cdn', 5),)], [(('cdn', 5), ('device', 'C1'))]]"
case101_0320_1394565204,"[[(('cdn', 5), ('p2p', 0))], [(('cdn', 5),)], [(('bitrate', 0), ('cdn', 5), ('p2p', 0))], [(('bitrate', 0), ('cdn', 5))], [(('p2p', 0),)]]"
case102_0320_3200269,"[[(('cdn', 7), ('p2p', 1))], [(('cdn', 7),)], [(('p2p', 1),)], [(('bitrate', 2500), ('cdn', 7))], [(('bitrate', 2500), ('cdn', 7), ('p2p', 1))]]"
case103_0320_1524418085,"[[(('cdn', 5), ('p2p', 0))], [(('bitrate', 0), ('cdn', 5)), (('bitrate', 3000), ('cdn', 5))], [(('bitrate', 0), ('cdn', 5), ('p2p', 0))], [(('bitrate', 0), ('cdn', 5))], [(('bitrate', 0), ('p2p', 0))]]"
case104_0320_2217334379,"[[(('bitrate', 2500), ('cdn', 7), ('p2p', 0))], [(('bitrate', 2500), ('cdn', 7))], [(('bitrate', 2500), ('p2p', 0))], [(('p2p', 0),)], [(('bitrate', 2500), ('cdn', 7), ('device', 'C2'))]]"
case105_0320_518969542,"[[(('device', 'C1'),), (('device', 'C3'),)], [(('cdn', 5), ('device', 'C1'), ('p2p', 0)), (('cdn', 5), ('device', 'C3'), ('p2p', 0))], [(('cdn', 5), ('p2p', 0))], [(('device', 'C1'),)], [(('cdn', 5), ('device', 'C1'), ('p2p', 0))]]"
case107_0322_1199512718563,"[[(('bitrate', 2500),)], [(('bitrate', 2500), ('p2p', 1))], [(('bitrate', 2500), ('cdn', 5))], [(('bitrate', 2500), ('cdn', 5), ('p2p', 1))], [(('cdn', 5), ('p2p', 1))]]"
case108_0322_1199512718563,"[[(('bitrate', 4500),)], [(('bitrate', 4500), ('p2p', 1))], [(('bitrate', 10000), ('cdn', 5)), (('bitrate', 4500), ('cdn', 5))], [(('bitrate', 4500), ('cdn', 5))], [(('bitrate', 4500), ('cdn', 5), ('p2p', 1))]]"
20200530 120238 1067459140,"[[(('bitrate', 4000),), (('bitrate', 2000),)], [(('device', 'adr'),)], [(('bitrate', 4000),)], [(('device', 'adr'), ('p2p', 1))], [(('bitrate', 4000), ('cdn', 7))]]"
20200530 145503 1346609715,"[[(('bitrate', 4000),)], [(('bitrate', 4000), ('p2p', 1))], [(('bitrate', 4000), ('device', 'adr'), ('p2p', 1))], [(('bitrate', 4000), ('device', 'adr'))], [(('device', 'adr'), ('p2p', 1))]]"
20200530 150338 1346609715,"[[(('bitrate', 4000),)], [(('bitrate', 4000), ('p2p', 1))], [(('bitrate', 4000), ('p2p', 1)), (('bitrate', 2000), ('p2p', 1))], [(('bitrate', 4000), ('device', 'adr'))], [(('bitrate', 4000), ('device', 'adr'), ('p2p', 1))]]"
20200530 150746 1346609715,"[[(('bitrate', 4000), ('p2p', 1))], [(('bitrate', 4000),)], [(('bitrate', 4000), ('device', 'adr'), ('p2p', 1))], [(('bitrate', 4000), ('device', 'adr'))], [(('p2p', 1),)]]"
20200530 154351 1346609715,"[[(('bitrate', 4000),)], [(('bitrate', 4000), ('p2p', 1))], [(('bitrate', 4000), ('isp', '电信'))], [(('p2p', 1),)], [(('bitrate', 4000), ('device', 'adr'), ('p2p', 1))]]"
20200530 154544 1346609715,"[[(('bitrate', 4000), ('device', 'webh5'), ('isp', '电信'))], [(('device', 'webh5'), ('isp', '电信'), ('p2p', 1))], [(('bitrate', 4000), ('isp', '电信'), ('p2p', 1))], [(('bitrate', 4000), ('device', 'webh5'), ('p2p', 1))], [(('device', 'webh5'), ('isp', '电信'))]]"
20200530 202456 20320130,"[[(('bitrate', 500), ('device', 'adr'))], [(('bitrate', 500),)], [(('device', 'adr'),)], [(('bitrate', 500), ('cdn', 5))], [(('cdn', 5), ('device', 'adr'))]]"
20200531 002804 1608993854,"[[(('bitrate', 500), ('device', 'adr'))], [(('bitrate', 500),)], [(('device', 'adr'),)], [(('bitrate', 500), ('device', 'adr'), ('p2p', 1))], [(('bitrate', 500), ('p2p', 1))]]"
20200531 004208 165415953,"[[(('bitrate', 500), ('device', 'adr'))], [(('device', 'adr'),), (('device', 'ios'),)], [(('bitrate', 500),)], [(('device', 'adr'),)], [(('bitrate', 500), ('p2p', 1))]]"
20200531 053048 1423782086,"[[(('bitrate', 500), ('p2p', 1))], [(('bitrate', 0), ('p2p', 0)), (('bitrate', 500), ('p2p', 1))], [(('bitrate', 500),)], [(('bitrate', 500), ('cdn', 3), ('p2p', 1)), (('bitrate', 0), ('cdn', 3), ('p2p', 0))], [(('bitrate', 500), ('cdn', 3), ('p2p', 1))]]"
20200531 071344 65404099,"[[(('cdn', 5), ('p2p', 0))], [(('cdn', 5),)], [(('cdn', 5), ('device', 'adr'), ('p2p', 0))], [(('cdn', 5), ('device', 'adr'))], [(('bitrate', 0), ('cdn', 5), ('device', 'adr'))]]"
20200531 205558 1394575543,"[[(('bitrate', 500),)], [(('bitrate', 500), ('p2p', 1))], [(('bitrate', 500), ('device', 'adr'))], [(('bitrate', 500), ('cdn', 3), ('p2p', 1))], [(('device', 'adr'),)]]"
20200601 124838 1558213087,"[[(('bitrate', 4000),)], [(('bitrate', 4000), ('p2p', 1))], [(('bitrate', 4000), ('cdn', 7))], [(('bitrate', 4000), ('device', 'adr'), ('p2p', 1))], [(('bitrate', 4000), ('device', 'adr'))]]"
20200601 204859 8184919,"[[(('bitrate', 2000),)], [(('bitrate', 2000), ('p2p', 1))], [(('bitrate', 2000), ('device', 'adr'))], [(('bitrate', 2000), ('device', 'adr'), ('p2p', 1))], [(('p2p', 1),)]]"
20200602 084903 1524439828,"[[(('bitrate', 500), ('p2p', 1))], [(('bitrate', 500),)], [(('bitrate', 500), ('device', 'adr'))], [(('bitrate', 500), ('cdn', 3), ('p2p', 1))], [(('bitrate', 500), ('device', 'adr'), ('p2p', 1))]]"
20200602 120500 1423782026,"[[(('cdn', 7), ('p2p', 1))], [(('cdn', 7), ('p2p', 1)), (('cdn', 5), ('p2p', 1))], [(('cdn', 7),)], [(('p2p', 1),)], [(('bitrate', 2000), ('cdn', 7), ('p2p', 1))]]"
20200602 122937 1560182537,"[[(('bitrate', 2000),)], [(('bitrate', 2000), ('p2p', 1))], [(('bitrate', 2000), ('device', 'adr'))], [(('bitrate', 2000), ('device', 'adr'), ('p2p', 1))], [(('device', 'adr'),)]]"
20200602 131156 1761347612,"[[(('bitrate', 500),)], [(('bitrate', 500), ('p2p', 1))], [(('bitrate', 500), ('device', 'adr'))], [(('bitrate', 500), ('isp', '移动'))], [(('bitrate', 500), ('device', 'adr'), ('p2p', 1))]]"
20200602 145543 1584902534,"[[(('isp', '移动'),)], [(('cdn', 5), ('isp', '移动'))], [(('cdn', 5),)], [(('cdn', 5), ('isp', '电信'), ('p2p', 1)), (('cdn', 5), ('isp', '联通'), ('p2p', 0))], [(('isp', '联通'),), (('isp', '移动'),)]]"
20200602 165932 1423782086,"[[(('device', 'adr'),)], [(('device', 'adr'),), (('device', 'adr_tv'),)], [(('device', 'adr'), ('p2p', 1))], [(('bitrate', 500), ('device', 'adr'))], [(('cdn', 3), ('device', 'adr'))]]"
20200602 185602 2227875499,"[[(('bitrate', 4000),)], [(('bitrate', 4000), ('p2p', 1))], [(('bitrate', 4000),), (('bitrate', 2000),)], [(('bitrate', 4000), ('p2p', 1)), (('bitrate', 2000), ('p2p', 1))], [(('bitrate', 4000), ('cdn', 8))]]"
20200602 201441 1591942650,"[[(('bitrate', 2000), ('p2p', 1))], [(('bitrate', 2000),)], [(('bitrate', 2000), ('cdn', 3), ('p2p', 1))], [(('bitrate', 2000), ('cdn', 3))], [(('p2p', 1),)]]"
20200603 064301 17767732,"[[(('device', 'adr'), ('p2p', 1)), (('device', 'ios'), ('p2p', 1))], [(('device', 'adr'), ('p2p', 1))], [(('device', 'adr'),)], [(('cdn', 5), ('device', 'adr'), ('p2p', 1))], [(('cdn', 5), ('device', 'adr'))]]"
20200603 080051 1394565188,"[[(('cdn', 5),)], [(('device', 'webh5'), ('p2p', 1)), (('device', 'pc_exe'), ('p2p', 1))], [(('cdn', 5), ('p2p', 0))], [(('p2p', 0),)], [(('cdn', 5), ('isp', '联通'))]]"
20200603 131605 1394565196,"[[(('bitrate', 500), ('device', 'adr'))], [(('bitrate', 500),)], [(('device', 'adr'),)], [(('bitrate', 500), ('device', 'adr'), ('p2p', 1))], [(('bitrate', 0),), (('bitrate', 500),)]]"
20200603 150855 1121940342,"[[(('cdn', 7),)], [(('cdn', 7), ('p2p', 1))], [(('bitrate', 4000), ('cdn', 7))], [(('cdn', 7), ('isp', '移动'))], [(('cdn', 7), ('device', 'adr'), ('p2p', 1))]]"
20200604 040135 1610847180,"[[(('p2p', 0),)], [(('device', 'adr'), ('p2p', 0)), (('device', 'pc_exe'), ('p2p', 1))], [(('device', 'adr'), ('p2p', 0))], [(('device', 'adr'),)], [(('device', 'adr'),), (('device', 'pc_exe'),)]]"
20200605 005935 1677942333,"[[(('device', 'adr'), ('p2p', 1)), (('device', 'ios'), ('p2p', 1))], [(('bitrate', 500), ('cdn', 5), ('p2p', 0))], [(('cdn', 5), ('p2p', 0))], [(('cdn', 5),)], [(('bitrate', 500), ('cdn', 5))]]"
20200605 024531 170903641,"[[(('bitrate', 2000), ('cdn', 5), ('p2p', 0))], [(('bitrate', 2000), ('cdn', 5))], [(('bitrate', 2000), ('p2p', 0))], [(('cdn', 5), ('p2p', 0))], [(('bitrate', 2000),)]]"
20200605 120903 1191588902,"[[(('cdn', 7),)], [(('cdn', 7), ('p2p', 1))], [(('bitrate', 2000), ('cdn', 7))], [(('bitrate', 2000), ('cdn', 7), ('p2p', 1))], [(('cdn', 7), ('device', 'adr'))]]"
20200606 081303 1524418094,"[[(('bitrate', 500),)], [(('bitrate', 500), ('device', 'adr'))], [(('bitrate', 500), ('device', 'adr')), (('bitrate', 0), ('device', 'adr_tv'))], [(('bitrate', 500), ('p2p', 1))], [(('bitrate', 500), ('cdn', 3), ('p2p', 1))]]"
2020-08-06+15_09_00,"[[(('bitrate', 10000), ('p2p', 1))], [(('bitrate', 10000),)], [(('p2p', 1),)], [(('bitrate', 10000), ('cdn', 5), ('p2p', 1))], [(('bitrate', 4000),), (('bitrate', 10000),)]]"
2020-08-06+12_07_00,"[[(('bitrate', 500), ('cdn', 7))], [(('bitrate', 500),)], [(('bitrate', 500), ('cdn', 7), ('p2p', 1))], [(('bitrate', 500), ('p2p', 1))], [(('cdn', 7), ('p2p', 1))]]"
2020-08-07+07_59_00,"[[(('bitrate', 2000), ('cdn', 7))], [(('bitrate', 2000),)], [(('bitrate', 2000), ('p2p', 1))], [(('bitrate', 2000), ('cdn', 7), ('p2p', 1))], [(('bitrate', 2000), ('cdn', 7), ('isp', '电信'))]]"
2020-08-07+09_07_00,"[[(('bitrate', 2000),)], [(('bitrate', 4000), ('cdn', 7)), (('bitrate', 2000), ('cdn', 7))], [(('bitrate', 2000), ('cdn', 7))], [(('bitrate', 2000), ('cdn', 7), ('p2p', 1))], [(('isp', '移动'),)]]"
